{"cameraMode":{"drawMode":0,"name":"Shaded","section":"Shading Mode"},"sceneLighting":true,"audioPlay":false,"sceneViewState":{"showFog":true,"showMaterialUpdate":false,"showSkybox":true,"showFlares":true,"showImageEffects":true,"showParticleSystems":true},"in2DMode":false,"pivot":{"x":29.870277404785158,"y":10.421680450439454,"z":-25.83857536315918},"rotation":{"x":0.12627485394477845,"y":-0.16466103494167329,"z":0.02135462686419487,"w":0.978101372718811},"size":2.2038702964782717,"orthographic":false}