{"cameraMode":{"drawMode":0,"name":"Shaded","section":"Shading Mode"},"sceneLighting":false,"audioPlay":false,"sceneViewState":{"showFog":true,"showMaterialUpdate":false,"showSkybox":false,"showFlares":true,"showImageEffects":true,"showParticleSystems":true},"in2DMode":false,"pivot":{"x":-0.00040408968925476074,"y":-0.9227480292320252,"z":-0.00011013448238372803},"rotation":{"x":-0.006527220364660025,"y":-0.9800882935523987,"z":0.1960294246673584,"w":-0.03233601152896881},"size":1.5276211500167847,"orthographic":false}