{"cameraMode":{"drawMode":0,"name":"Shaded","section":"Shading Mode"},"sceneLighting":true,"audioPlay":false,"sceneViewState":{"showFog":true,"showMaterialUpdate":false,"showSkybox":true,"showFlares":true,"showImageEffects":true,"showParticleSystems":true},"in2DMode":false,"pivot":{"x":16.417570114135743,"y":2.5080299377441408,"z":-81.77232360839844},"rotation":{"x":0.0007733042002655566,"y":0.9940201640129089,"z":-0.11171454191207886,"w":0.014937156811356545},"size":33.03202438354492,"orthographic":false}