{"cameraMode":{"drawMode":0,"name":"Shaded","section":"Shading Mode"},"sceneLighting":true,"audioPlay":false,"sceneViewState":{"showFog":true,"showMaterialUpdate":false,"showSkybox":true,"showFlares":true,"showImageEffects":true,"showParticleSystems":true},"in2DMode":false,"pivot":{"x":4.751088619232178,"y":2.794616460800171,"z":-12.805238723754883},"rotation":{"x":0.1454533487558365,"y":0.5016821026802063,"z":-0.08605854213237763,"w":0.8484527468681336},"size":11.90103816986084,"orthographic":false}